{
  "train": {
    "R2": 0.820100724697113,
    "MSE": 0.19989445805549622,
    "MAE": 0.32464170455932617,
    "Samples": 328
  },
  "val": {
    "R2": 0.1398230791091919,
    "MSE": 0.8505350351333618,
    "MAE": 0.7277908325195312,
    "Samples": 83
  },
  "assessment": {
    "overfit": true,
    "reasonable_fit": false,
    "note": "验证集表现明显弱于训练集，存在过拟合风险。"
  }
}