{
  "train": {
    "R2": 0.9907773733139038,
    "MSE": 0.38418784737586975,
    "MAE": 0.4762026369571686,
    "Samples": 448
  },
  "val": {
    "R2": -130.71473693847656,
    "MSE": 80.41390228271484,
    "MAE": 1.4207440614700317,
    "Samples": 112
  },
  "assessment": {
    "overfit": true,
    "reasonable_fit": false,
    "note": "验证集表现明显弱于训练集，存在过拟合风险。"
  }
}