{
  "train": {
    "R2": 0.6802154183387756,
    "MSE": 0.300456702709198,
    "MAE": 0.4103652238845825,
    "Samples": 1545
  },
  "val": {
    "R2": 0.030322611331939697,
    "MSE": 0.905613124370575,
    "MAE": 0.7213835120201111,
    "Samples": 387
  },
  "assessment": {
    "overfit": true,
    "reasonable_fit": false,
    "note": "验证集表现明显弱于训练集，存在过拟合风险。"
  }
}