{
  "R2": 0.4349369406700134,
  "MSE": 18.904062271118164,
  "MAE": 1.3005857467651367,
  "Samples": 560
}