{
  "train": {
    "R2": 1.0,
    "MSE": 0.0,
    "MAE": 0.0,
    "Samples": 10
  },
  "val": {
    "R2": -0.41623783111572266,
    "MSE": 2.5523746013641357,
    "MAE": 1.530686378479004,
    "Samples": 3
  },
  "assessment": {
    "overfit": true,
    "reasonable_fit": false,
    "note": "验证集表现明显弱于训练集，存在过拟合风险。"
  }
}