{
  "train": {
    "R2": 0.9104686975479126,
    "MSE": 0.13424324989318848,
    "MAE": 0.2309158742427826,
    "Samples": 60
  },
  "val": {
    "R2": -2.209759473800659,
    "MSE": 4.126421928405762,
    "MAE": 1.3214643001556396,
    "Samples": 16
  },
  "assessment": {
    "overfit": true,
    "reasonable_fit": false,
    "note": "验证集表现明显弱于训练集，存在过拟合风险。"
  }
}