{
  "R2": 0.999956488609314,
  "MSE": 8.725436055101454e-05,
  "MAE": 0.008136602118611336,
  "Samples": 13
}