{
  "R2": 0.7580113410949707,
  "MSE": 0.35479623079299927,
  "MAE": 0.4327240586280823,
  "Samples": 76
}