{
  "R2": 0.8447396755218506,
  "MSE": 0.16881833970546722,
  "MAE": 0.2869582176208496,
  "Samples": 411
}