{
  "R2": 0.65362548828125,
  "MSE": 0.3250496983528137,
  "MAE": 0.43319588899612427,
  "Samples": 1932
}